Transaction ID,Date,Product Name,Quantity,Unit Price,Total Price
TRX-17454,2023-03-19 12:00,Milk 1L,102,20.0,2040.0
TRX-40026,2023-02-22 12:00,Milk 1L,581,20.0,11620.0
TRX-89296,2023-06-21 13:00,Cheese 500g,627,48.0,30096.0
TRX-99757,2023-04-25 18:00,Pasta 400g,507,8.0,4056.0
TRX-18832,2023-09-18 16:00,Chicken 1kg,779,76.0,59204.0
TRX-28715,2023-01-02 15:00,Cheese 500g,529,48.0,25392.0
TRX-65855,2023-04-18 10:00,Sugar 1kg,633,21.6,13672.8
TRX-69447,2023-04-21 15:00,Sugar 1kg,756,21.6,16329.6
TRX-76982,2023-09-10 10:00,Sugar 1kg,866,21.6,18705.6
TRX-61065,2023-12-20 12:00,Cheese 500g,703,48.0,33744.0
TRX-23638,2023-11-17 16:00,Cheese 500g,333,48.0,15984.0
TRX-86434,2023-03-04 20:00,Milk 1L,142,20.0,2840.0
TRX-55702,2023-02-19 12:00,Tea 250g,864,32.0,27648.0
TRX-47499,2023-12-03 09:00,Pasta 400g,278,8.0,2224.0
TRX-57120,2023-08-10 17:00,Tea 250g,208,32.0,6656.0
TRX-99563,2023-10-30 15:00,Tea 250g,876,32.0,28032.0
TRX-49620,2023-12-07 08:00,Eggs 30-pack,997,96.0,95712.0
TRX-86340,2023-08-31 17:00,Tea 250g,840,32.0,26880.0
TRX-20968,2023-08-04 14:00,Olive Oil 500ml,619,120.0,74280.0
TRX-11962,2023-10-29 18:00,Sugar 1kg,788,21.6,17020.8
TRX-22518,2023-10-14 10:00,Sugar 1kg,257,21.6,5551.2
TRX-57871,2023-04-05 20:00,Olive Oil 500ml,226,120.0,27120.0
TRX-64950,2023-05-05 18:00,Tea 250g,510,32.0,16320.0
TRX-11578,2023-03-28 19:00,Bread,410,12.0,4920.0
TRX-45740,2023-01-06 14:00,Chicken 1kg,305,76.0,23180.0
TRX-36864,2023-04-28 20:00,Tea 250g,776,32.0,24832.0
TRX-60020,2023-02-23 15:00,Bread,228,12.0,2736.0
TRX-23968,2023-01-26 19:00,Cheese 500g,872,48.0,41856.0
TRX-36694,2023-03-26 13:00,Olive Oil 500ml,726,120.0,87120.0
TRX-65661,2023-08-16 15:00,Rice 1kg,138,24.0,3312.0
TRX-20861,2023-01-26 09:00,Pasta 400g,230,8.0,1840.0
TRX-38119,2023-04-24 17:00,Rice 1kg,264,24.0,6336.0
TRX-16946,2023-09-07 16:00,Milk 1L,331,20.0,6620.0
TRX-26661,2023-07-09 19:00,Olive Oil 500ml,284,120.0,34080.0
TRX-58820,2023-11-09 19:00,Tea 250g,749,32.0,23968.0
TRX-76403,2023-11-03 13:00,Rice 1kg,144,24.0,3456.0
TRX-72703,2023-08-09 16:00,Cheese 500g,788,48.0,37824.0
TRX-48470,2023-02-16 20:00,Pasta 400g,633,8.0,5064.0
TRX-14787,2023-05-13 10:00,Pasta 400g,160,8.0,1280.0
TRX-96098,2023-03-11 18:00,Bread,936,12.0,11232.0
TRX-46093,2023-08-11 10:00,Pasta 400g,236,8.0,1888.0
TRX-31478,2023-06-05 16:00,Rice 1kg,650,24.0,15600.0
TRX-93533,2023-04-15 15:00,Cheese 500g,918,48.0,44064.0
TRX-47076,2023-05-12 13:00,Eggs 30-pack,193,96.0,18528.0
TRX-54953,2023-10-11 09:00,Eggs 30-pack,538,96.0,51648.0
TRX-42306,2023-03-26 11:00,Pasta 400g,521,8.0,4168.0
TRX-40355,2023-02-27 15:00,Rice 1kg,185,24.0,4440.0
TRX-99360,2023-11-01 13:00,Milk 1L,971,20.0,19420.0
TRX-97817,2023-07-30 09:00,Eggs 30-pack,556,96.0,53376.0
TRX-11108,2023-04-27 13:00,Eggs 30-pack,641,96.0,61536.0
TRX-81371,2023-08-04 18:00,Eggs 30-pack,642,96.0,61632.0
TRX-49059,2023-03-09 09:00,Cheese 500g,243,48.0,11664.0
TRX-65939,2023-12-10 11:00,Pasta 400g,487,8.0,3896.0
TRX-89260,2023-08-09 11:00,Pasta 400g,852,8.0,6816.0
TRX-12419,2023-02-15 19:00,Tea 250g,234,32.0,7488.0
TRX-61909,2023-06-13 16:00,Olive Oil 500ml,685,120.0,82200.0
TRX-65417,2023-11-15 19:00,Chicken 1kg,542,76.0,41192.0
TRX-57859,2023-04-09 11:00,Eggs 30-pack,861,96.0,82656.0
TRX-46520,2023-01-25 09:00,Eggs 30-pack,544,96.0,52224.0
TRX-94607,2023-11-25 14:00,Rice 1kg,869,24.0,20856.0
TRX-96872,2023-06-17 19:00,Pasta 400g,417,8.0,3336.0
TRX-44904,2023-12-09 10:00,Cheese 500g,500,48.0,24000.0
TRX-55595,2023-01-29 13:00,Bread,191,12.0,2292.0
TRX-45839,2023-10-16 15:00,Milk 1L,669,20.0,13380.0
TRX-87034,2023-04-04 12:00,Chicken 1kg,899,76.0,68324.0
TRX-51779,2023-12-23 16:00,Sugar 1kg,336,21.6,7257.6
TRX-88880,2023-07-23 14:00,Eggs 30-pack,131,96.0,12576.0
TRX-86566,2023-03-24 14:00,Rice 1kg,280,24.0,6720.0
TRX-25504,2023-08-30 14:00,Tea 250g,556,32.0,17792.0
TRX-32841,2023-02-03 20:00,Pasta 400g,961,8.0,7688.0
TRX-67670,2023-08-11 14:00,Milk 1L,105,20.0,2100.0
TRX-78315,2023-06-08 17:00,Cheese 500g,445,48.0,21360.0
TRX-26922,2023-04-18 13:00,Bread,442,12.0,5304.0
TRX-22676,2023-01-28 12:00,Milk 1L,159,20.0,3180.0
TRX-35462,2023-07-07 17:00,Pasta 400g,614,8.0,4912.0
TRX-44776,2023-07-26 14:00,Cheese 500g,666,48.0,31968.0
TRX-32252,2023-06-16 09:00,Rice 1kg,697,24.0,16728.0
TRX-87813,2023-05-14 19:00,Pasta 400g,697,8.0,5576.0
TRX-15940,2023-07-01 19:00,Milk 1L,210,20.0,4200.0
TRX-48814,2023-11-19 10:00,Tea 250g,391,32.0,12512.0
TRX-21155,2023-12-07 16:00,Rice 1kg,924,24.0,22176.0
TRX-97359,2023-08-06 11:00,Olive Oil 500ml,759,120.0,91080.0
TRX-86979,2023-02-07 09:00,Sugar 1kg,785,21.6,16956.0
TRX-74721,2023-01-18 19:00,Milk 1L,112,20.0,2240.0
TRX-60060,2023-09-13 14:00,Milk 1L,524,20.0,10480.0
TRX-44488,2023-04-11 09:00,Eggs 30-pack,239,96.0,22944.0
TRX-84130,2023-07-21 09:00,Milk 1L,997,20.0,19940.0
TRX-45208,2023-03-08 19:00,Pasta 400g,146,8.0,1168.0
TRX-69123,2023-02-14 16:00,Bread,113,12.0,1356.0
TRX-54264,2023-01-02 10:00,Chicken 1kg,330,76.0,25080.0
TRX-24557,2023-05-09 13:00,Bread,375,12.0,4500.0
TRX-20166,2023-10-23 11:00,Pasta 400g,641,8.0,5128.0
TRX-47265,2023-12-06 13:00,Milk 1L,294,20.0,5880.0
TRX-48844,2023-04-06 17:00,Rice 1kg,498,24.0,11952.0
TRX-56192,2023-09-30 10:00,Cheese 500g,141,48.0,6768.0
TRX-39118,2023-01-30 15:00,Eggs 30-pack,273,96.0,26208.0
TRX-10793,2023-10-11 08:00,Rice 1kg,606,24.0,14544.0
TRX-24767,2023-11-30 10:00,Olive Oil 500ml,208,120.0,24960.0
TRX-67267,2023-03-26 20:00,Tea 250g,934,32.0,29888.0
TRX-97024,2023-07-25 17:00,Cheese 500g,236,48.0,11328.0
